{"version": "1", "message": "ERROR: Hidden Testcases server unreachable.", "problem_id": "cspp1_m10_a1_1", "user_id": "lakshmipraneetha4", "score": {"sample": {"0": {"execution_time": 0.07712769508361816, "passed": false}, "1": {"execution_time": 0.06195235252380371, "passed": true}, "2": {"execution_time": 0.045598745346069336, "passed": true}, "3": {"execution_time": 0.0728142261505127, "passed": true}, "4": {"execution_time": 0.08137345314025879, "passed": true}, "5": {"execution_time": 0.06932473182678223, "passed": false}, "6": {"execution_time": 0.04381918907165527, "passed": true}, "7": {"execution_time": 0.05804038047790527, "passed": true}, "8": {"execution_time": 0.04797554016113281, "passed": true}, "9": {"execution_time": 0.07683134078979492, "passed": false}, "10": {"execution_time": 0.045615434646606445, "passed": true}, "11": {"execution_time": 0.04998779296875, "passed": true}, "12": {"execution_time": 0.07611799240112305, "passed": true}, "13": {"execution_time": 0.07834744453430176, "passed": false}, "14": {"execution_time": 0.07285690307617188, "passed": false}, "15": {"execution_time": 0.07081007957458496, "passed": false}, "16": {"execution_time": 0.07934880256652832, "passed": false}, "17": {"execution_time": 0.10022211074829102, "passed": false}, "18": {"execution_time": 0.07047796249389648, "passed": false}, "19": {"execution_time": 0.0722055435180664, "passed": false}, "20": {"execution_time": 0.04924941062927246, "passed": false}, "21": {"execution_time": 0.07287120819091797, "passed": false}, "22": {"execution_time": 0.08054161071777344, "passed": false}, "23": {"execution_time": 0.0590972900390625, "passed": false}, "24": {"execution_time": 0.09262251853942871, "passed": false}}}, "pylint_score": "4/10"}