{"version": "1", "message": "ERROR: Hidden Testcases server unreachable.", "problem_id": "cspp1_m10_a1_1", "user_id": "lakshmipraneetha4", "score": {"sample": {"0": {"execution_time": 0.2188105583190918, "passed": false}, "1": {"execution_time": 0.04689645767211914, "passed": false}, "2": {"execution_time": 0.04683184623718262, "passed": false}, "3": {"execution_time": 0.04689812660217285, "passed": false}, "4": {"execution_time": 0.031243324279785156, "passed": false}, "5": {"execution_time": 0.04686093330383301, "passed": false}, "6": {"execution_time": 0.031244516372680664, "passed": false}, "7": {"execution_time": 0.04686284065246582, "passed": false}, "8": {"execution_time": 0.0312349796295166, "passed": false}, "9": {"execution_time": 0.031275272369384766, "passed": false}, "10": {"execution_time": 0.0468297004699707, "passed": false}, "11": {"execution_time": 0.046864986419677734, "passed": false}, "12": {"execution_time": 0.03127336502075195, "passed": false}, "13": {"execution_time": 0.04686856269836426, "passed": false}, "14": {"execution_time": 0.03123784065246582, "passed": false}, "15": {"execution_time": 0.04686617851257324, "passed": false}, "16": {"execution_time": 0.031244516372680664, "passed": false}, "17": {"execution_time": 0.046860694885253906, "passed": false}, "18": {"execution_time": 0.04686713218688965, "passed": false}, "19": {"execution_time": 0.046860456466674805, "passed": false}, "20": {"execution_time": 0.04686450958251953, "passed": false}, "21": {"execution_time": 0.046834468841552734, "passed": false}, "22": {"execution_time": 0.0625152587890625, "passed": false}, "23": {"execution_time": 0.06243324279785156, "passed": false}, "24": {"execution_time": 0.04689216613769531, "passed": false}}}, "pylint_score": "4/10"}