{"version": "1", "message": "ERROR: Hidden Testcases server unreachable.", "problem_id": "cspp1_m10_a1_1", "user_id": "lakshmipraneetha4", "score": {"sample": {"0": {"execution_time": 0.09475970268249512, "passed": false}, "1": {"execution_time": 0.0630805492401123, "passed": false}, "2": {"execution_time": 0.04564619064331055, "passed": false}, "3": {"execution_time": 0.07464718818664551, "passed": false}, "4": {"execution_time": 0.05704951286315918, "passed": false}, "5": {"execution_time": 0.05890965461730957, "passed": false}, "6": {"execution_time": 0.08149957656860352, "passed": false}, "7": {"execution_time": 0.0836031436920166, "passed": false}, "8": {"execution_time": 0.2611114978790283, "passed": false}, "9": {"execution_time": 0.14969635009765625, "passed": false}, "10": {"execution_time": 0.14407777786254883, "passed": false}, "11": {"execution_time": 0.06610226631164551, "passed": false}, "12": {"execution_time": 0.08642888069152832, "passed": false}, "13": {"execution_time": 0.13710260391235352, "passed": false}, "14": {"execution_time": 0.09145808219909668, "passed": false}, "15": {"execution_time": 0.08882570266723633, "passed": false}, "16": {"execution_time": 0.1159212589263916, "passed": false}, "17": {"execution_time": 0.0898280143737793, "passed": false}, "18": {"execution_time": 0.09592318534851074, "passed": false}, "19": {"execution_time": 0.05439448356628418, "passed": false}, "20": {"execution_time": 0.07455968856811523, "passed": false}, "21": {"execution_time": 0.049551963806152344, "passed": false}, "22": {"execution_time": 0.07695388793945312, "passed": false}, "23": {"execution_time": 0.06992220878601074, "passed": false}, "24": {"execution_time": 0.07231354713439941, "passed": false}}}, "pylint_score": "3/10"}