{"version": "1", "message": "ERROR: Hidden Testcases server unreachable.", "problem_id": "cspp1_m10_a1_1", "user_id": "lakshmipraneetha4", "score": {"sample": {"0": {"execution_time": 0.11626672744750977, "passed": false}, "1": {"execution_time": 0.08241796493530273, "passed": true}, "2": {"execution_time": 0.051758527755737305, "passed": true}, "3": {"execution_time": 0.08872580528259277, "passed": true}, "4": {"execution_time": 0.08246874809265137, "passed": true}, "5": {"execution_time": 0.06856608390808105, "passed": false}, "6": {"execution_time": 0.05114555358886719, "passed": true}, "7": {"execution_time": 0.07980179786682129, "passed": true}, "8": {"execution_time": 0.08262443542480469, "passed": true}, "9": {"execution_time": 0.07997941970825195, "passed": false}, "10": {"execution_time": 0.10100960731506348, "passed": true}, "11": {"execution_time": 0.07314491271972656, "passed": true}, "12": {"execution_time": 0.062463998794555664, "passed": true}, "13": {"execution_time": 0.05198955535888672, "passed": false}, "14": {"execution_time": 0.08076786994934082, "passed": false}, "15": {"execution_time": 0.06264090538024902, "passed": false}, "16": {"execution_time": 0.09163308143615723, "passed": false}, "17": {"execution_time": 0.06818079948425293, "passed": false}, "18": {"execution_time": 0.07884907722473145, "passed": false}, "19": {"execution_time": 0.0773003101348877, "passed": false}, "20": {"execution_time": 0.08370113372802734, "passed": false}, "21": {"execution_time": 0.07986974716186523, "passed": false}, "22": {"execution_time": 0.05052924156188965, "passed": false}, "23": {"execution_time": 0.0689229965209961, "passed": false}, "24": {"execution_time": 0.0713198184967041, "passed": false}}}, "pylint_score": "4/10"}