{"version": "1", "message": "ERROR: Hidden Testcases server unreachable.", "problem_id": "cspp1_m10_a1_1", "user_id": "lakshmipraneetha4", "score": {"sample": {"0": {"execution_time": 0.07808136940002441, "passed": false}, "1": {"execution_time": 0.062459468841552734, "passed": true}, "2": {"execution_time": 0.031243562698364258, "passed": true}, "3": {"execution_time": 0.06248784065246582, "passed": true}, "4": {"execution_time": 0.04574942588806152, "passed": true}, "5": {"execution_time": 0.031273603439331055, "passed": false}, "6": {"execution_time": 0.04683113098144531, "passed": true}, "7": {"execution_time": 0.046865224838256836, "passed": true}, "8": {"execution_time": 0.031243562698364258, "passed": true}, "9": {"execution_time": 0.046862125396728516, "passed": false}, "10": {"execution_time": 0.03124213218688965, "passed": true}, "11": {"execution_time": 0.046889543533325195, "passed": true}, "12": {"execution_time": 0.062459468841552734, "passed": true}, "13": {"execution_time": 0.03127455711364746, "passed": false}, "14": {"execution_time": 0.04683327674865723, "passed": false}, "15": {"execution_time": 0.03127574920654297, "passed": false}, "16": {"execution_time": 0.04683089256286621, "passed": false}, "17": {"execution_time": 0.046863555908203125, "passed": false}, "18": {"execution_time": 0.04686307907104492, "passed": false}, "19": {"execution_time": 0.04689598083496094, "passed": false}, "20": {"execution_time": 0.04686450958251953, "passed": false}, "21": {"execution_time": 0.04683184623718262, "passed": false}, "22": {"execution_time": 0.06249809265136719, "passed": false}, "23": {"execution_time": 0.046853065490722656, "passed": false}, "24": {"execution_time": 0.04686427116394043, "passed": false}}}, "pylint_score": "4/10"}