{"version": "1", "message": "ERROR: Hidden Testcases server unreachable.", "problem_id": "cspp1_m10_a1_1", "user_id": "lakshmipraneetha4", "score": {"sample": {"0": {"execution_time": 0.06239199638366699, "passed": false}, "1": {"execution_time": 0.046866655349731445, "passed": false}, "2": {"execution_time": 0.04683208465576172, "passed": false}, "3": {"execution_time": 0.04689359664916992, "passed": false}, "4": {"execution_time": 0.04783201217651367, "passed": false}, "5": {"execution_time": 0.062485456466674805, "passed": false}, "6": {"execution_time": 0.07813858985900879, "passed": false}, "7": {"execution_time": 0.0624849796295166, "passed": false}, "8": {"execution_time": 0.062485456466674805, "passed": false}, "9": {"execution_time": 0.031213045120239258, "passed": false}, "10": {"execution_time": 0.06483030319213867, "passed": false}, "11": {"execution_time": 0.06245136260986328, "passed": false}, "12": {"execution_time": 0.04686403274536133, "passed": false}, "13": {"execution_time": 0.047797441482543945, "passed": false}, "14": {"execution_time": 0.04689741134643555, "passed": false}, "15": {"execution_time": 0.03127431869506836, "passed": false}, "16": {"execution_time": 0.04686617851257324, "passed": false}, "17": {"execution_time": 0.04686284065246582, "passed": false}, "18": {"execution_time": 0.04686117172241211, "passed": false}, "19": {"execution_time": 0.05268979072570801, "passed": false}, "20": {"execution_time": 0.04686450958251953, "passed": false}, "21": {"execution_time": 0.04689908027648926, "passed": false}, "22": {"execution_time": 0.03838038444519043, "passed": false}, "23": {"execution_time": 0.046811580657958984, "passed": false}, "24": {"execution_time": 0.04689598083496094, "passed": false}}}, "pylint_score": "0/0"}