{"version": "1", "message": "ERROR: Hidden Testcases server unreachable.", "problem_id": "cspp1_m10_a1_1", "user_id": "lakshmipraneetha4", "score": {"sample": {"0": {"execution_time": 0.11203503608703613, "passed": false}, "1": {"execution_time": 0.07012939453125, "passed": false}, "2": {"execution_time": 0.05499863624572754, "passed": false}, "3": {"execution_time": 0.056194305419921875, "passed": false}, "4": {"execution_time": 0.07077717781066895, "passed": false}, "5": {"execution_time": 0.07372426986694336, "passed": false}, "6": {"execution_time": 0.06601262092590332, "passed": false}, "7": {"execution_time": 0.07730960845947266, "passed": false}, "8": {"execution_time": 0.07559490203857422, "passed": false}, "9": {"execution_time": 0.07327866554260254, "passed": false}, "10": {"execution_time": 0.07392024993896484, "passed": false}, "11": {"execution_time": 0.06285953521728516, "passed": false}, "12": {"execution_time": 0.06891393661499023, "passed": false}, "13": {"execution_time": 0.060569047927856445, "passed": false}, "14": {"execution_time": 0.07545804977416992, "passed": false}, "15": {"execution_time": 0.07222962379455566, "passed": false}, "16": {"execution_time": 0.07775187492370605, "passed": false}, "17": {"execution_time": 0.07883501052856445, "passed": false}, "18": {"execution_time": 0.07510733604431152, "passed": false}, "19": {"execution_time": 0.06403255462646484, "passed": false}, "20": {"execution_time": 0.09814143180847168, "passed": false}, "21": {"execution_time": 0.09075212478637695, "passed": false}, "22": {"execution_time": 0.05374860763549805, "passed": false}, "23": {"execution_time": 0.06214618682861328, "passed": false}, "24": {"execution_time": 0.08182883262634277, "passed": false}}}, "pylint_score": "6/10"}