{"version": "1", "message": "ERROR: Hidden Testcases server unreachable.", "problem_id": "cspp1_m10_a1_1", "user_id": "lakshmipraneetha4", "score": {"sample": {"0": {"execution_time": 0.13608646392822266, "passed": true}, "1": {"execution_time": 0.06048393249511719, "passed": true}, "2": {"execution_time": 0.08254146575927734, "passed": true}, "3": {"execution_time": 0.06297755241394043, "passed": true}, "4": {"execution_time": 0.05730700492858887, "passed": true}, "5": {"execution_time": 0.06626152992248535, "passed": false}, "6": {"execution_time": 0.09367823600769043, "passed": true}, "7": {"execution_time": 0.13400912284851074, "passed": true}, "8": {"execution_time": 0.08461904525756836, "passed": true}, "9": {"execution_time": 0.06993532180786133, "passed": false}, "10": {"execution_time": 0.071441650390625, "passed": true}, "11": {"execution_time": 0.0796518325805664, "passed": true}, "12": {"execution_time": 0.07335495948791504, "passed": true}, "13": {"execution_time": 0.08944869041442871, "passed": false}, "14": {"execution_time": 0.057791709899902344, "passed": false}, "15": {"execution_time": 0.07747578620910645, "passed": false}, "16": {"execution_time": 0.04545021057128906, "passed": false}, "17": {"execution_time": 0.06888508796691895, "passed": true}, "18": {"execution_time": 0.07353448867797852, "passed": false}, "19": {"execution_time": 0.07006955146789551, "passed": false}, "20": {"execution_time": 0.06090974807739258, "passed": true}, "21": {"execution_time": 0.08496809005737305, "passed": false}, "22": {"execution_time": 0.05244779586791992, "passed": false}, "23": {"execution_time": 0.07079195976257324, "passed": false}, "24": {"execution_time": 0.071502685546875, "passed": false}}}, "pylint_score": "7/10"}