{"version": "1", "message": "ERROR: Hidden Testcases server unreachable.", "problem_id": "cspp1_m10_a1_1", "user_id": "lakshmipraneetha4", "score": {"sample": {"0": {"execution_time": 0.18629002571105957, "passed": true}, "1": {"execution_time": 0.04898238182067871, "passed": false}, "2": {"execution_time": 0.05268073081970215, "passed": false}, "3": {"execution_time": 0.04500627517700195, "passed": false}, "4": {"execution_time": 0.07967448234558105, "passed": false}, "5": {"execution_time": 0.07609105110168457, "passed": false}, "6": {"execution_time": 0.05318927764892578, "passed": false}, "7": {"execution_time": 0.06297826766967773, "passed": false}, "8": {"execution_time": 0.075653076171875, "passed": false}, "9": {"execution_time": 0.07655549049377441, "passed": false}, "10": {"execution_time": 0.07428789138793945, "passed": false}, "11": {"execution_time": 0.06845617294311523, "passed": false}, "12": {"execution_time": 0.06718850135803223, "passed": false}, "13": {"execution_time": 0.07806038856506348, "passed": false}, "14": {"execution_time": 0.0782938003540039, "passed": false}, "15": {"execution_time": 0.06205105781555176, "passed": false}, "16": {"execution_time": 0.09055185317993164, "passed": false}, "17": {"execution_time": 0.07011651992797852, "passed": false}, "18": {"execution_time": 0.04778552055358887, "passed": false}, "19": {"execution_time": 0.04278993606567383, "passed": false}, "20": {"execution_time": 0.06796669960021973, "passed": false}, "21": {"execution_time": 0.06955409049987793, "passed": false}, "22": {"execution_time": 0.05113959312438965, "passed": false}, "23": {"execution_time": 0.08349776268005371, "passed": false}, "24": {"execution_time": 0.06860852241516113, "passed": false}}}, "pylint_score": "-6/10"}