{"version": "1", "message": "ERROR: Hidden Testcases server unreachable.", "problem_id": "cspp1_m10_a1_1", "user_id": "lakshmipraneetha4", "score": {"sample": {"0": {"execution_time": 0.1273343563079834, "passed": false}, "1": {"execution_time": 0.09504914283752441, "passed": true}, "2": {"execution_time": 0.07944607734680176, "passed": true}, "3": {"execution_time": 0.08061861991882324, "passed": true}, "4": {"execution_time": 0.07295966148376465, "passed": true}, "5": {"execution_time": 0.16727876663208008, "passed": false}, "6": {"execution_time": 0.07785463333129883, "passed": true}, "7": {"execution_time": 0.10336160659790039, "passed": true}, "8": {"execution_time": 0.0845184326171875, "passed": true}, "9": {"execution_time": 0.09195137023925781, "passed": false}, "10": {"execution_time": 0.10170698165893555, "passed": true}, "11": {"execution_time": 0.09567046165466309, "passed": true}, "12": {"execution_time": 0.1231391429901123, "passed": true}, "13": {"execution_time": 0.10614180564880371, "passed": false}, "14": {"execution_time": 0.07326889038085938, "passed": false}, "15": {"execution_time": 0.07283616065979004, "passed": false}, "16": {"execution_time": 0.0672910213470459, "passed": false}, "17": {"execution_time": 0.0791478157043457, "passed": true}, "18": {"execution_time": 0.07418608665466309, "passed": false}, "19": {"execution_time": 0.07072591781616211, "passed": false}, "20": {"execution_time": 0.07794857025146484, "passed": true}, "21": {"execution_time": 0.08452486991882324, "passed": false}, "22": {"execution_time": 0.05330944061279297, "passed": false}, "23": {"execution_time": 0.07814431190490723, "passed": false}, "24": {"execution_time": 0.07459473609924316, "passed": false}}}, "pylint_score": "6/10"}