{"version": "1", "message": "ERROR: Hidden Testcases server unreachable.", "problem_id": "cspp1_m10_a1_1", "user_id": "lakshmipraneetha4", "score": {"sample": {"0": {"execution_time": 0.07564115524291992, "passed": true}, "1": {"execution_time": 0.07313680648803711, "passed": true}, "2": {"execution_time": 0.05129861831665039, "passed": true}, "3": {"execution_time": 0.048346519470214844, "passed": true}, "4": {"execution_time": 0.06735920906066895, "passed": true}, "5": {"execution_time": 0.04584097862243652, "passed": false}, "6": {"execution_time": 0.07029032707214355, "passed": true}, "7": {"execution_time": 0.21020913124084473, "passed": true}, "8": {"execution_time": 0.13349151611328125, "passed": true}, "9": {"execution_time": 0.08254337310791016, "passed": false}, "10": {"execution_time": 0.06964468955993652, "passed": true}, "11": {"execution_time": 0.07815790176391602, "passed": true}, "12": {"execution_time": 0.0748293399810791, "passed": true}, "13": {"execution_time": 0.06015777587890625, "passed": false}, "14": {"execution_time": 0.07637405395507812, "passed": false}, "15": {"execution_time": 0.04378390312194824, "passed": false}, "16": {"execution_time": 0.08090949058532715, "passed": false}, "17": {"execution_time": 0.05808687210083008, "passed": false}, "18": {"execution_time": 0.059839725494384766, "passed": false}, "19": {"execution_time": 0.07823419570922852, "passed": false}, "20": {"execution_time": 0.06924104690551758, "passed": false}, "21": {"execution_time": 0.08010578155517578, "passed": false}, "22": {"execution_time": 0.05116844177246094, "passed": false}, "23": {"execution_time": 0.07469964027404785, "passed": false}, "24": {"execution_time": 0.08025455474853516, "passed": false}}}, "pylint_score": "7/10"}