{"version": "1", "message": "ERROR: Hidden Testcases server unreachable.", "problem_id": "cspp1_m10_a1_1", "user_id": "lakshmipraneetha4", "score": {"sample": {"0": {"execution_time": 0.1353282928466797, "passed": false}, "1": {"execution_time": 0.09257793426513672, "passed": true}, "2": {"execution_time": 0.06779170036315918, "passed": true}, "3": {"execution_time": 0.08367252349853516, "passed": true}, "4": {"execution_time": 0.07367753982543945, "passed": true}, "5": {"execution_time": 0.06746506690979004, "passed": false}, "6": {"execution_time": 0.08172821998596191, "passed": true}, "7": {"execution_time": 0.07827877998352051, "passed": true}, "8": {"execution_time": 0.07725906372070312, "passed": true}, "9": {"execution_time": 0.08032059669494629, "passed": false}, "10": {"execution_time": 0.0764164924621582, "passed": true}, "11": {"execution_time": 0.16628026962280273, "passed": true}, "12": {"execution_time": 0.09169411659240723, "passed": true}, "13": {"execution_time": 0.08157992362976074, "passed": false}, "14": {"execution_time": 0.07704043388366699, "passed": false}, "15": {"execution_time": 0.08127832412719727, "passed": false}, "16": {"execution_time": 0.06082916259765625, "passed": false}, "17": {"execution_time": 0.09777307510375977, "passed": true}, "18": {"execution_time": 0.08256816864013672, "passed": false}, "19": {"execution_time": 0.07719302177429199, "passed": false}, "20": {"execution_time": 0.08418798446655273, "passed": true}, "21": {"execution_time": 0.0720059871673584, "passed": false}, "22": {"execution_time": 0.05324578285217285, "passed": false}, "23": {"execution_time": 0.08021426200866699, "passed": false}, "24": {"execution_time": 0.04838895797729492, "passed": false}}}, "pylint_score": "6/10"}