{"version": "1", "message": "ERROR: Hidden Testcases server unreachable.", "problem_id": "cspp1_m10_a1_1", "user_id": "lakshmipraneetha4", "score": {"sample": {"0": {"execution_time": 0.13084793090820312, "passed": false}, "1": {"execution_time": 0.07638406753540039, "passed": false}, "2": {"execution_time": 0.07737183570861816, "passed": false}, "3": {"execution_time": 0.07180023193359375, "passed": true}, "4": {"execution_time": 0.05840039253234863, "passed": true}, "5": {"execution_time": 0.08189821243286133, "passed": false}, "6": {"execution_time": 0.0714576244354248, "passed": false}, "7": {"execution_time": 0.17222332954406738, "passed": false}, "8": {"execution_time": 0.04412698745727539, "passed": false}, "9": {"execution_time": 0.0451350212097168, "passed": false}, "10": {"execution_time": 0.04517340660095215, "passed": false}, "11": {"execution_time": 0.11725735664367676, "passed": false}, "12": {"execution_time": 0.09101700782775879, "passed": false}, "13": {"execution_time": 0.09007453918457031, "passed": false}, "14": {"execution_time": 0.11104416847229004, "passed": false}, "15": {"execution_time": 0.13014984130859375, "passed": false}, "16": {"execution_time": 0.10162544250488281, "passed": false}, "17": {"execution_time": 0.08712100982666016, "passed": false}, "18": {"execution_time": 0.2099769115447998, "passed": false}, "19": {"execution_time": 0.13065600395202637, "passed": false}, "20": {"execution_time": 0.13938403129577637, "passed": false}, "21": {"execution_time": 0.04685521125793457, "passed": false}, "22": {"execution_time": 0.05326104164123535, "passed": false}, "23": {"execution_time": 0.07048511505126953, "passed": false}, "24": {"execution_time": 0.24595355987548828, "passed": false}}}, "pylint_score": "6/10"}