{"version": "1", "message": "ERROR: Hidden Testcases server unreachable.", "problem_id": "cspp1_m10_a1_1", "user_id": "lakshmipraneetha4", "score": {"sample": {"0": {"execution_time": 0.0685582160949707, "passed": true}, "1": {"execution_time": 0.05298352241516113, "passed": true}, "2": {"execution_time": 0.0612642765045166, "passed": true}, "3": {"execution_time": 0.07278919219970703, "passed": true}, "4": {"execution_time": 0.06369900703430176, "passed": true}, "5": {"execution_time": 0.06017255783081055, "passed": false}, "6": {"execution_time": 0.11056089401245117, "passed": true}, "7": {"execution_time": 0.050124406814575195, "passed": true}, "8": {"execution_time": 0.07548737525939941, "passed": true}, "9": {"execution_time": 0.07477164268493652, "passed": false}, "10": {"execution_time": 0.08202672004699707, "passed": true}, "11": {"execution_time": 0.07686567306518555, "passed": true}, "12": {"execution_time": 0.07328510284423828, "passed": true}, "13": {"execution_time": 0.07221770286560059, "passed": false}, "14": {"execution_time": 0.06656980514526367, "passed": false}, "15": {"execution_time": 0.08797168731689453, "passed": false}, "16": {"execution_time": 0.07871341705322266, "passed": false}, "17": {"execution_time": 0.05301189422607422, "passed": true}, "18": {"execution_time": 0.04599261283874512, "passed": false}, "19": {"execution_time": 0.06574630737304688, "passed": false}, "20": {"execution_time": 0.04792666435241699, "passed": true}, "21": {"execution_time": 0.04448723793029785, "passed": false}, "22": {"execution_time": 0.062258005142211914, "passed": false}, "23": {"execution_time": 0.08619403839111328, "passed": false}, "24": {"execution_time": 0.07236719131469727, "passed": false}}}, "pylint_score": "7/10"}