{"version": "1", "message": "ERROR: Hidden Testcases server unreachable.", "problem_id": "cspp1_m10_a1_1", "user_id": "lakshmipraneetha4", "score": {"sample": {"0": {"execution_time": 0.06383562088012695, "passed": false}, "1": {"execution_time": 0.0535585880279541, "passed": true}, "2": {"execution_time": 0.056957244873046875, "passed": true}, "3": {"execution_time": 0.04696178436279297, "passed": true}, "4": {"execution_time": 0.056073665618896484, "passed": true}, "5": {"execution_time": 0.0500485897064209, "passed": false}, "6": {"execution_time": 0.07993173599243164, "passed": true}, "7": {"execution_time": 0.07964277267456055, "passed": true}, "8": {"execution_time": 0.060379981994628906, "passed": true}, "9": {"execution_time": 0.06893277168273926, "passed": false}, "10": {"execution_time": 0.08153033256530762, "passed": true}, "11": {"execution_time": 0.07510137557983398, "passed": true}, "12": {"execution_time": 0.08813738822937012, "passed": true}, "13": {"execution_time": 0.07259702682495117, "passed": false}, "14": {"execution_time": 0.07340884208679199, "passed": false}, "15": {"execution_time": 0.07806015014648438, "passed": false}, "16": {"execution_time": 0.05062747001647949, "passed": false}, "17": {"execution_time": 0.07817935943603516, "passed": false}, "18": {"execution_time": 0.046037912368774414, "passed": false}, "19": {"execution_time": 0.06583952903747559, "passed": false}, "20": {"execution_time": 0.043828487396240234, "passed": false}, "21": {"execution_time": 0.08237218856811523, "passed": false}, "22": {"execution_time": 0.09360361099243164, "passed": false}, "23": {"execution_time": 0.09396767616271973, "passed": false}, "24": {"execution_time": 0.07312154769897461, "passed": false}}}, "pylint_score": "7/10"}