{"version": "1", "message": "ERROR: Hidden Testcases server unreachable.", "problem_id": "cspp1_m10_a1_1", "user_id": "lakshmipraneetha4", "score": {"sample": {"0": {"execution_time": 0.09259748458862305, "passed": false}, "1": {"execution_time": 0.12018013000488281, "passed": false}, "2": {"execution_time": 0.09757518768310547, "passed": false}, "3": {"execution_time": 0.0709218978881836, "passed": true}, "4": {"execution_time": 0.07523846626281738, "passed": true}, "5": {"execution_time": 0.06726551055908203, "passed": false}, "6": {"execution_time": 0.062333106994628906, "passed": false}, "7": {"execution_time": 0.060346126556396484, "passed": false}, "8": {"execution_time": 0.07208037376403809, "passed": false}, "9": {"execution_time": 0.05086541175842285, "passed": false}, "10": {"execution_time": 0.0755608081817627, "passed": false}, "11": {"execution_time": 0.06819772720336914, "passed": false}, "12": {"execution_time": 0.06671786308288574, "passed": false}, "13": {"execution_time": 0.08057522773742676, "passed": false}, "14": {"execution_time": 0.06055951118469238, "passed": false}, "15": {"execution_time": 0.05313873291015625, "passed": false}, "16": {"execution_time": 0.05710244178771973, "passed": true}, "17": {"execution_time": 0.059186697006225586, "passed": false}, "18": {"execution_time": 0.06744861602783203, "passed": false}, "19": {"execution_time": 0.1009514331817627, "passed": false}, "20": {"execution_time": 0.10968017578125, "passed": false}, "21": {"execution_time": 0.07906031608581543, "passed": false}, "22": {"execution_time": 0.0768744945526123, "passed": false}, "23": {"execution_time": 0.04924654960632324, "passed": false}, "24": {"execution_time": 0.06772232055664062, "passed": false}}}, "pylint_score": "7/10"}